"Original Text","Distortion Type","Label"
"Tôi vừa đến một môi trường mới, những người xung quanh đều khá xa lạ và tôi cảm thấy mọi người trong môi trường này có phải đều không thân thiện không?","Overgeneralization",1
"Gần đây tôi cảm thấy đôi khi đứng dậy là chóng mặt, cảm giác nặng đầu nhẹ chân. Đầu óc choáng váng quá, tôi có phải bị bệnh rồi không, tôi phải đi bệnh viện khám thôi.","Non-distorted",0
"Đi trên đường tôi cảm thấy đói, nhưng xung quanh không có một nhà hàng nào. Tôi mệt không có chỗ nghỉ, đói không có chỗ ăn, sao những điều bất hạnh luôn xảy ra với mình vậy?","Overgeneralization",1
"Gần đây công việc khá bận, nhưng tôi lại bị cảm cúm. Ôi sao tôi lại bị cảm cúm vào lúc này chứ, xui xẻo quá, công việc còn chưa làm xong mà cơ thể đã không khỏe rồi, muốn khóc quá.","Non-distorted",0
"Mẹ tôi và tôi thảo luận về kế hoạch tương lai, mẹ đưa ra nhiều kế hoạch và bày tỏ lo lắng về hiện tại, nhưng có những kế hoạch tôi không đồng ý. Mẹ lại can thiệp vào cuộc đời tôi, chỉ muốn tôi sống theo kế hoạch của bà, sống như vậy thà chết đi còn hơn.","Fortune-telling",1
"Gần đây tôi vừa được thăng chức, nhưng sợ năng lực của mình không thể đảm nhiệm. Họ cố tình giao cho tôi chức vụ mà tôi không thể đảm nhiệm, có phải là đang hãm hại tôi không?","Mind Reading",1
"Là con gái, tôi bị các bạn cùng lớp chế giễu vì đến kỳ kinh nguyệt. Mình chỉ cần giữ im lặng thôi, như vậy họ sẽ không chế giễu mình mãi nữa, chắc chắn có ngày họ cũng sẽ cảm thấy chán thôi, chỉ cần mình nhịn thêm chút nữa.","Emotional Reasoning",1
"Từ trước đến nay tôi ít liên lạc với gia đình, chỉ gửi tin nhắn. Chúng tôi thường rất bận, ít liên lạc là chuyện bình thường.","Non-distorted",0
"Thật không may, gần đây tôi cảm thấy rất khó chịu, nhưng vẫn chưa tìm ra bệnh cụ thể. Dù sao tôi cũng đã bị bệnh rồi, vậy thì cứ hành hạ cơ thể mình tùy tiện đi.","All-or-Nothing Thinking",1
"Khi tôi đang nói chuyện với ai đó, điện thoại của người đó đổ chuông, nhưng người đó không nhấc máy. Sự tồn tại của mình là thừa thãi, mình đã làm lỡ việc khác của anh ấy rồi.","Personalization",1
"Tôi tham gia câu lạc bộ nhưng cũng không kết bạn được, không có ai quen biết. Mình không thể kết bạn được, cuộc đời mình thật sự quá thất bại rồi.","Overgeneralization",1
"Tháng này, có nhiều đồng nghiệp trẻ mới đến, họ làm việc hiệu quả và rất tốt, tôi cảm thấy hơi lo lắng. Những người trẻ này chỉ biết làm việc qua loa, làm những trò hoa mỹ để lừa dối cấp trên, sớm muộn gì cũng sẽ gặp quả báo.","Overgeneralization",1
"Tôi là con út trong gia đình, tôi cảm thấy mình bị bố mẹ bỏ bê. Mình nghĩ nhiều rồi, sao họ có thể bỏ bê mình được chứ.","Non-distorted",0
"Tôi và người bạn thân nhất của mình xảy ra tranh cãi, cả hai không ai chịu nhường ai, tuyên bố cắt đứt quan hệ. Mình sẽ không còn bạn bè nữa, chỉ còn lại một mình mình thôi.","Overgeneralization",1
"Tôi làm việc cùng đồng nghiệp, tôi cảm thấy gánh nặng của mình nặng hơn, còn gánh nặng của họ nhẹ hơn. Cả ngày bị mọi người vây quanh, nhưng vẫn cảm thấy cô đơn, những gì mình từng có chỉ là bài học thôi.","Emotional Reasoning",1
"Tôi cảm thấy khó tập trung, hiệu quả học tập thấp, cả ngày đầu óc trống rỗng. Gia đình mình đều mong mình học hành giỏi giang, sau này thành đạt, nhưng mình lại không học vào, phụ lòng họ mình là một tội đồ.","Personalization",1
"Tôi đang giảm cân, nhưng tôi đã lén ăn một miếng bánh quy, tôi rất hối hận. Mình chắc chắn đã làm bố mẹ thất vọng tột cùng, họ sẽ không bao giờ coi mình là bảo bối của họ nữa.","Mind Reading",1
"Tôi chuẩn bị tranh cử chủ tịch câu lạc bộ, tôi đã rất nỗ lực chuẩn bị mọi thứ, mọi người xung quanh đều nghĩ tôi có thể trúng cử, nhưng cuối cùng tôi lại không may mắn thất cử. Cuộc đời mình cũng sẽ thất bại như cuộc tranh cử này thôi.","Fortune-telling",1
"Người khác nói tôi trông không được khỏe, như thể người khác nợ tiền tôi. Sao mình lại không thể kiểm soát được vẻ mặt của mình, còn ảnh hưởng đến người khác nữa chứ, mình thật là vô dụng.","Personalization",1
"Điểm của tôi không tiến bộ, bố tôi vừa nhìn thấy tôi là mặt lại sa sầm không nói gì. Ông ấy chỉ muốn tôi đạt điểm cao cho ông ấy, tôi căn bản không phải con ruột của ông ấy.","Mind Reading",1
"Tôi và người bạn thân nhất của mình xảy ra tranh cãi, cả hai không ai chịu nhường ai, tuyên bố cắt đứt quan hệ. Ngay cả với người bạn thân nhất mình cũng có thể cãi nhau, bao giờ mình mới có thể thay đổi tính cách này, mình chỉ là người nóng tính quá, mình là một người nóng tính.","Labeling and Mislabeling",1
"Tôi đối mặt với các hoạt động đa dạng của trường học, đầy hứng thú, nhưng lại lo sợ thất bại. Mình là một người tự ti, mình làm gì cũng chắc chắn không làm tốt được.","Labeling and Mislabeling",1
"Bạn cùng phòng nói chuyện với tôi, tôi không đồng ý với quan điểm của cô ấy. Dù mình có tốn bao nhiêu lời lẽ, ngày hôm đó cũng không thể thuyết phục được anh ấy, giao tiếp và truyền đạt quan điểm của mình cho người khác là một việc tốn sức và không hiệu quả, sau này mình sẽ không làm những việc như vậy nữa.","Emotional Reasoning",1
"Tôi đi trên đường, một chiếc xe tải đi qua làm văng nước vào tôi. Rõ ràng là nhìn thấy mình ở đây, chiếc xe tải này còn làm văng nước vào mình, anh ta chính là cố ý.","Mind Reading",1
"Từ trường cấp hai hạng hai vào trường cấp ba trọng điểm, tôi thấy điểm của mình giảm đi nhiều. Mình sinh ra đã có cái đầu ngu ngốc, những thứ này mình đều không học được, mình có học thế nào cũng không học tốt được.","Emotional Reasoning",1
"Thấy tôi cần ô, khi nhắn tin riêng thì được báo là đã mượn được rồi. Anh ấy chắc chắn nghĩ mình dễ bắt nạt, cứ tùy tiện đăng bài trên mạng xã hội rồi từ chối mình, chắc chắn là như vậy.","Mind Reading",1
"Điểm của tôi không tiến bộ, bố tôi vừa nhìn thấy tôi là mặt lại sa sầm không nói gì. Bố tôi sẽ nói xấu với mẹ, mẹ cũng sẽ không yêu tôi nữa.","Mind Reading",1
"Các bạn cùng lớp đều ra ngoài, tôi một mình ở trong lớp học, cảm thấy hơi cô đơn. Mình ở một mình trong ký túc xá cô đơn quá, họ ra ngoài không gọi mình, mình chết một mình trong ký túc xá cũng sẽ không ai quan tâm nữa.","Overgeneralization",1
"Gần đây tôi bị gãy xương, mỗi lần bạn bè đều phải đi cùng tôi xuống lầu, đưa tôi đi học. Ngay cả việc lên xuống cầu thang cũng không đi tốt còn làm gãy chân, mình đúng là một người thất bại.","Labeling and Mislabeling",1
"Tôi nhận ra rằng bạn bè của mình dường như đều đã tìm được bạn đời, nhưng tôi vẫn một mình. Họ có người yêu rồi sẽ không còn đặt trọng tâm tình cảm vào mình nữa, chúng ta sẽ ngày càng xa cách.","Fortune-telling",1
"Bố mẹ luôn so sánh tôi với những đứa trẻ khác, tôi cảm thấy rất không vui. Nhiều bố mẹ trong gia đình đều thích so sánh, quen rồi sẽ ổn thôi.","Non-distorted",0
"Con trai 25 tuổi của tôi, vẫn mất đi. Tôi chỉ có thể nhìn con trai nhảy xuống cứu người, nhưng nó không lên được còn tôi thì chỉ có thể ngồi trên xe lăn nhìn, tôi đúng là một người cha vô dụng.","Labeling and Mislabeling",1
"Tôi cảm thấy đôi khi giáo viên còn chưa đọc xong, bạn cùng lớp của tôi đã biết câu trả lời đúng rồi. Một việc nhỏ như thế này cũng không thể tranh giành vị trí đầu tiên, mình còn có thể làm tốt được việc gì nữa chứ, vĩnh viễn không thể đuổi kịp người khác.","Overgeneralization",1
"Người yêu tôi nhất trên thế giới đã chết rồi, mình không còn gì cả, mình sống cũng không có ý nghĩa gì, mình chết ngay bây giờ đi là được rồi.","All-or-Nothing Thinking",1
"Điểm của tôi không tiến bộ, bố tôi vừa nhìn thấy tôi là mặt lại sa sầm không nói gì. Đầu óc tôi thật sự ngu ngốc như vậy, dù tôi làm gì cũng không có bất kỳ tiến bộ nào, giống như một người vô dụng.","Labeling and Mislabeling",1
"Tôi cứ nghĩ mình có thể được bảo lưu đại học, nhưng cuối cùng danh sách không có tôi. Công việc nào cũng khó hoàn thành, tương lai đối với tôi tràn đầy tuyệt vọng.","All-or-Nothing Thinking",1
"Tôi quên mang bài tập về nhà của mình, giáo viên phạt tôi đứng nghe giảng ở phía sau. Mình là người duy nhất bị phạt đứng, các bạn khác chắc chắn đang chế giễu mình trong lòng.","Mind Reading",1
"Mẹ tôi và tôi thảo luận về kế hoạch tương lai, mẹ đưa ra nhiều kế hoạch và bày tỏ lo lắng về hiện tại, nhưng có những kế hoạch tôi không đồng ý. Không thể sống cuộc đời của mình theo ý muốn của mình, sự tồn tại của mình sẽ trở nên vô nghĩa.","All-or-Nothing Thinking",1
"Tôi thấy người khác cuối tuần đi chơi cùng nhau, nhưng không ai gọi tôi đi chơi. Mình không có bạn bè, cuộc đời như vậy hoàn toàn không có ý nghĩa gì, chỉ có bóng tối.","All-or-Nothing Thinking",1
"Bố mẹ hối thúc tôi kết hôn và sinh con, tôi cảm thấy rất khó chịu. Không thể vội vàng, nếu chưa đến lúc kết hôn thì không thể làm phiền đối phương, lúc rảnh rỗi, mình nên nói suy nghĩ của mình cho bố mẹ biết.","Non-distorted",0
"Bố mẹ luôn so sánh tôi với những đứa trẻ khác, tôi cảm thấy rất không vui. Bố mẹ trên đời này đều giống nhau, họ không bao giờ quan tâm đến cảm xúc của con cái.","Overgeneralization",1
"Tôi và người bạn thân nhất của mình xảy ra tranh cãi, cả hai không ai chịu nhường ai, tuyên bố cắt đứt quan hệ. Anh ấy đã muốn cắt đứt quan hệ với mình từ lâu rồi, đây rõ ràng chỉ là một chuyện nhỏ, hoàn toàn không cần thiết.","Mind Reading",1
"Trong đại dịch COVID-19, tôi là nhân viên y tế và cần làm thêm giờ không lương. Tôi phải làm gì để kết thúc cuộc sống như thế này?","Emotional Reasoning",1
"Tôi và bố mẹ cãi nhau một trận lớn, sau đó bố mẹ rất buồn, tôi cảm thấy rất hối lỗi. Sinh ra tôi, nhưng tôi luôn cãi nhau với họ, làm họ tức giận, họ chắc chắn rất hối hận vì đã sinh ra một đứa con như tôi.","Mind Reading",1
"Tôi luôn sống trong một gia đình có điều kiện kinh tế khá khó khăn, thu nhập của bố mẹ không cao. Mình là một kẻ nghèo hèn, những người xung quanh sẽ không coi trọng mình, mình sống mỗi ngày trong đau khổ vì không đủ ăn đủ mặc, mình muốn chết quá.","Labeling and Mislabeling",1
"Gần đây tôi muốn xem ảnh tốt nghiệp của mình, nhưng tôi tìm mãi không thấy. Chắc chắn là bạn cùng phòng của mình đã lục đồ của mình rồi lấy đi, cô ấy chắc chắn vẫn còn tức giận vì chuyện lần trước, lần này cô ấy cố tình trả thù mình.","Mind Reading",1
"Gần đây tôi vừa được thăng chức, nhưng sợ năng lực của mình không thể đảm nhiệm. Mình vừa được thăng chức, đây là sự tin tưởng của lãnh đạo vào năng lực của mình, mình nên cố gắng hơn nữa.","Non-distorted",0
"Gần đây tôi muốn xem ảnh tốt nghiệp của mình, nhưng tôi tìm mãi không thấy. Ngay cả thứ quý giá như vậy mình cũng có thể làm mất, các bạn cùng lớp sẽ nghĩ về mình như thế nào, họ chắc chắn sẽ nghĩ mình là một kẻ vô ơn, một người lòng lang dạ thú.","Labeling and Mislabeling",1
"Tôi là con út trong gia đình, tôi cảm thấy mình bị bố mẹ bỏ bê. Mình biết lý do họ dường như bỏ bê mình là vì bố mẹ bận công việc, chỉ cần mình nói cho họ biết cảm xúc của mình, họ sẽ quan tâm mình hơn.","Non-distorted",0
"Tôi luôn nghĩ mình là nhân viên xuất sắc nhất công ty, nhưng tôi nghe thấy sếp không nghĩ như vậy. Mình không phải là bác sĩ xuất sắc nhất, sự nghiệp bác sĩ của mình thật tệ.","All-or-Nothing Thinking",1
"Từ trước đến nay tôi ít liên lạc với gia đình, chỉ gửi tin nhắn. Mình và gia đình sẽ dần xa cách, cho đến khi mất liên lạc hoàn toàn.","Fortune-telling",1
"Tôi cảm thấy ở vị trí công việc, đồng nghiệp mỗi ngày đều rất nỗ lực, tạo áp lực cho tôi. Anh ấy chắc chắn không có thời gian hẹn hò hay tận hưởng cuộc sống, chỉ biết làm việc, cuộc sống như vậy thật vô vị.","Mind Reading",1
"Tôi bơi bị chuột rút, hơi buồn. Không được rồi, bị chuột rút rồi, phải lên bờ nghỉ ngơi ngay, ở dưới nước thêm có thể sẽ gặp vấn đề.","Non-distorted",0
"Hai đứa trẻ không có tôi chăm sóc, hướng dẫn, dần dần nảy sinh vấn đề hành vi, bài vở ở trường cũng không đạt yêu cầu. Trẻ con bây giờ đều như vậy, có bố mẹ yêu thương vô điều kiện nhưng lại không coi trọng, điều kiện tốt như vậy mà lại không biết trân trọng, lãng phí hết.","All-or-Nothing Thinking",1
"Bây giờ là năm cuối đại học, nhưng gần đây tôi vẫn đang phân vân giữa việc học lên thạc sĩ hay đi làm, dao động không quyết định được. Dù làm gì cũng không có kết quả tốt, mình căn bản là một kẻ vô dụng.","All-or-Nothing Thinking",1
"Những người xung quanh đã nói với người khác về bí mật tôi thích một bạn nam lớp bên cạnh, và tin đồn đó đã đến tai tôi. Bạn nam đó cũng biết rồi sao? Anh ấy chắc chắn sẽ nghĩ mình rất buồn cười.","Mind Reading",1
"Sếp quyết định giảm lương của tất cả nhân viên, tôi cảm thấy rất buồn. Sếp cố tình giảm lương, chính là để ép chúng tôi tự nguyện rời công ty.","Mind Reading",1
"Hôm nay bị giáo viên giao một nhiệm vụ tạm thời, gấp gáp và đầy thách thức. Thầy giáo tin tưởng mình, nhưng người như mình chắc chắn sẽ phụ lòng tin của thầy.","Emotional Reasoning",1
"Đi trên đường, một con chó hoang lao đến cắn tôi. Mình chắc chắn đã bị bệnh dại rồi, gia đình và bạn bè mình chắc chắn rất sợ mình.","Mind Reading",1
"Trong dòng xe cộ đông đúc, một chiếc xe vượt lên phía trước chúng ta. Mẹ kiếp, đáng sợ quá, mình cảm thấy cả đời này mình sẽ bị ám ảnh bởi việc lái xe mất thôi.","Overgeneralization",1
"Đều là do mình quá ngu ngốc, nên mình mới bị nước sôi làm bỏng.","Emotional Reasoning",1
"Gần đây vì dịch bệnh, cửa hàng bánh của tôi kinh doanh không tốt lắm. Một khi dịch bệnh được kiểm soát, tôi tin rằng công việc kinh doanh chắc chắn sẽ hồi phục.","Non-distorted",0
"Tôi cảm thấy ở vị trí công việc, đồng nghiệp mỗi ngày đều rất nỗ lực, tạo áp lực cho tôi. Mình đúng là một kẻ vô dụng không có năng lực.","Labeling and Mislabeling",1
"Từ nhỏ tôi đã thề rằng khi lớn lên sẽ thành công trong sự nghiệp và gia đình hạnh phúc. Khi lớn lên, lại phát hiện, lương tháng 3 triệu cũng phải tăng ca vất vả. Mỗi tháng trả tiền thuê nhà, chi phí sinh hoạt, tiền tiết kiệm ít ỏi. Mình cả đời này sẽ không thoát khỏi cuộc sống như vậy, sẽ mãi mãi vật lộn trong cái hố không đáy này.","Overgeneralization",1
"Bố mẹ tôi gần đây đang cãi nhau, không quan tâm tôi nhiều. Họ không yêu nhau cũng không yêu mình, không có tình cảm, chỉ là cái vỏ rỗng tuếch, dằn vặt lẫn nhau.","Mind Reading",1
"Tôi cảm thấy ở vị trí công việc, đồng nghiệp mỗi ngày đều rất nỗ lực, tạo áp lực cho tôi. Anh ấy không chỉ chăm chỉ, mà còn rất có mục tiêu và ý chí cầu tiến nữa, còn biết cách lập kế hoạch công việc tốt.","Non-distorted",0
"Gần đây tôi bị gãy xương, mỗi lần bạn bè đều phải đi cùng tôi xuống lầu, đưa tôi đi học. Biết rõ sự làm phiền của mình đã ảnh hưởng đến điểm thi của anh ấy, mình làm phiền anh ấy khiến anh ấy thi lần này đều bị điểm kém.","Personalization",1
"Thầy giáo giao một thí nghiệm có vẻ rất phiền phức, mình đã trì hoãn một thời gian rồi. Cứ thế này thầy giáo chắc chắn sẽ nghĩ mình không chăm học, thầy sẽ ghét mình.","Fortune-telling",1
"Khi tôi đang nói chuyện với ai đó, điện thoại của người đó đổ chuông, nhưng người đó không nhấc máy. Cuộc nói chuyện của chúng ta chỉ là chuyện phiếm, lỡ như điện thoại của anh ấy có chuyện quan trọng thì mình thành tội đồ rồi.","Personalization",1
"Tôi đầu tư một khoản tiền, mất đi một phần vốn của mình, đầu tư thất bại. Những khoản vốn đó và kỳ vọng của gia đình mình, tất cả đều tan vỡ. Họ bây giờ chắc chắn rất thất vọng về mình.","Mind Reading",1
"Gần đây tôi không về nhà, bố tôi tìm tôi nói chuyện, lời nói có chút kích động và tức giận. Mình mau nhận lỗi đi, không về nhà đúng là không đúng lắm, bố đã có chút kích động rồi, tuyệt đối không được làm ông ấy tức giận hơn.","Non-distorted",0
"Tôi đột nhiên phát hiện nhà mình bị trộm. Tiền của mình đều để dành mua nhà mới, bây giờ phải làm sao đây, cuộc đời mình đều bị thằng trộm đáng chết này phá hỏng rồi! Mình sẽ không bao giờ thực hiện được ước mơ của mình nữa.","All-or-Nothing Thinking",1
"Tôi đối mặt với các hoạt động đa dạng của trường học, đầy hứng thú, nhưng lại lo sợ thất bại. Dù mình có thành công thì mọi người chắc chắn cũng không muốn chơi với người có tính cách như mình.","Mind Reading",1
"Tôi và bạn bè mỗi ngày đều ăn cơm cùng nhau, đột nhiên một ngày cô ấy không đến tìm tôi ăn cơm. Mình mỗi ngày đều ăn cơm cùng cô ấy, chắc chắn là mình ăn chậm, cô ấy chắc chắn nghĩ mình đang lãng phí thời gian của cô ấy, nên không ăn cơm cùng mình.","Mind Reading",1
"Tôi tham gia câu lạc bộ nhưng cũng không kết bạn được, không có ai quen biết. Mình tham gia câu lạc bộ vì sở thích, có kết bạn hay không cũng không quan trọng.","Non-distorted",0
"Tôi bị chụp ảnh khỏa thân cưỡng bức, tôi rất đau khổ, không dám nói cho ai biết. Mình phải đưa những kẻ gây tổn thương tâm lý cho mình ra trước pháp luật, mình phải lấy hết can đảm.","Non-distorted",0
"Đồ ăn đặt mua bị trộm. Mình đúng là lười biếng quá, nếu sớm xuống lầu chờ đồ ăn thì sẽ không bị người khác trộm mất, tất cả là do mình tự làm tự chịu.","Personalization",1
"Tôi và bạn bè mỗi ngày đều ăn cơm cùng nhau, đột nhiên một ngày cô ấy không đến tìm tôi ăn cơm. Người ta có thể có việc gì đó, đột nhiên hiểu tại sao có người thích xem ăn uống rồi.","Non-distorted",0
"Ăn nhiều đồ ăn có hàm lượng calo cao, cân nặng vẫn không thể giảm xuống. Mình chỉ cần ra ngoài là sẽ cảm thấy những người xung quanh thì thầm, họ chắc chắn đang chế giễu thân hình béo phì của mình, mình xấu hổ cúi đầu xuống.","Mind Reading",1
"Gần đây tôi muốn xem ảnh tốt nghiệp của mình, nhưng tôi tìm mãi không thấy. Mình hơi buồn, nhưng kỷ niệm được lưu giữ trong lòng mình, mình nghĩ con người phải nhìn về phía trước, chuyện nhỏ này không đáng gì.","Non-distorted",0
"Khi phỏng vấn, HR cho biết tôi không đáp ứng yêu cầu của công ty chúng tôi. Thật đáng tiếc, quả nhiên là người ngoài người, trời ngoài trời, mình phải tiếp tục cố gắng nâng cao bản thân.","Non-distorted",0
"Tôi bị chụp ảnh khỏa thân cưỡng bức, tôi rất đau khổ, không dám nói cho ai biết. Có lẽ là do mình bất cẩn, tự đẩy mình vào vòng xoáy bi kịch, lúc này chỉ muốn thoát khỏi hiện thực.","Personalization",1
"Tôi đầu tư một khoản tiền, mất đi một phần vốn của mình, đầu tư thất bại. Ban đầu mình đặt nhiều kỳ vọng vào dự án này, nhưng không sao cả, lần sau mình sẽ cẩn thận hơn khi chọn các dự án khác.","Non-distorted",0
"Kết quả đánh giá hiệu suất của đồng nghiệp, tôi đứng cuối cùng. Sao lại là cuối cùng chứ, thật làm mình nản chí, mình nói thật, việc đánh giá hiệu suất tốt nhất là không nên tồn tại.","Labeling and Mislabeling",1
"Đi xếp hàng mua bánh ở tiệm bánh, chiếc bánh mình muốn mua vừa hết. Ngay cả một cái bánh cũng không giành được, tương lai mình cũng sẽ không giành được gì cả.","Fortune-telling",1
"Tôi là một giáo viên, có học sinh ở trường không nghe lời, gây rối trong lớp. Ở vị trí đó mà không thể làm tròn bổn phận, đáng lẽ nên nghỉ việc sớm rồi, đỡ phải ở đây học sinh không thích nghe, mình lại phải chịu đựng sự tức giận này mỗi ngày.","Emotional Reasoning",1
"Đột nhiên thức dậy lúc ba giờ sáng, tôi vẫn cảm thấy rất buồn ngủ, công việc ngày mai có thể bị ảnh hưởng. Mình cảm thấy mình sắp chết rồi, mình thực sự ghét việc thức giấc giữa đêm.","Emotional Reasoning",1
"Tôi không phải là một đứa trẻ xinh đẹp, tôi cảm thấy hơi tự ti. Thế giới này chỉ quan tâm đến những người xinh đẹp: mình sinh ra đã xấu, mình xấu cả đời, mình nghĩ mình sẽ không bao giờ đẹp hơn được nữa.","All-or-Nothing Thinking",1
"Tôi tái hôn, hai con riêng của chồng không chịu gọi tôi là “bố”, nói rằng tôi không phải là bố của chúng, không chịu nghe lời tôi. Trẻ con đúng là không biết vị trí của mình, thật đáng ghét.","Labeling and Mislabeling",1
"Tôi tham gia câu lạc bộ nhưng cũng không kết bạn được, không có ai quen biết. Tại sao mình không thể kết bạn được chứ, không có bạn bè mình buồn quá.","Emotional Reasoning",1
"Đồ ăn đặt mua bị trộm. Mình vốn là một người xui xẻo, đồ ăn bị trộm chỉ là số phận của mình mà thôi, mình đã quen với những chuyện như vậy rồi.","Labeling and Mislabeling",1
"Mẹ chồng chê tôi vụng về, không đủ tinh tế. Mẹ chồng sẽ không bao giờ ưa mình, sẽ không bao giờ hài lòng về mình.","Overgeneralization",1
"Bố tôi thường lấy lý do bận công việc để ở lại trường đại học làm việc, ngay cả cuối tuần cũng không thường về nhà. Mình không cảm thấy một chút quan tâm nào, không ai quan tâm mình, vậy thì cứ thế này mà sa sút đi, dù sao cũng không ai quan tâm.","Emotional Reasoning",1
"Thời thơ ấu, có một người đã xâm phạm tôi, tôi luôn canh cánh trong lòng về chuyện đó. Đàn ông không có ai tốt đẹp cả, họ đều là động vật suy nghĩ bằng nửa thân dưới, là nô lệ của dục vọng.","Overgeneralization",1
"Tôi cảm thấy bạn cùng phòng dường như mỗi ngày đều có mối quan hệ rất tốt, nhưng tôi không thể hòa nhập. Ngay cả bạn cùng phòng mình cũng không thể hòa hợp, cuộc đời này mình định là không thể kết bạn tri kỷ được rồi.","Overgeneralization",1
"Tôi làm việc rất vất vả, đồng nghiệp trực tiếp nhận công lao. Sếp không thể không nhận ra một chút nào, ông ấy chắc chắn là mắt nhắm mắt mở với đồng nghiệp.","Mind Reading",1
"Gần đây công việc rất bận rộn, cấp trên tạo áp lực rất lớn cho tôi, nhưng các đồng nghiệp xung quanh dường như không có gì bất thường. Áp lực lớn như vậy, vẫn chỉ có mình mình, sau này cuộc sống ở công ty chắc chắn sẽ rất khó khăn.","Overgeneralization",1
"Hai tuần liên tiếp không nhận được tin nhắn hoặc cuộc gọi. Mình vốn không có nhiều liên hệ, điều này cũng bình thường.","Non-distorted",0
"Tôi phát hiện bạn cùng phòng dường như đang âm thầm ganh đua với tôi. Rõ ràng là cô ấy không muốn mình sống tốt hơn cô ấy.","Mind Reading",1
"Thật không may, gần đây tôi cảm thấy rất khó chịu, nhưng vẫn chưa tìm ra bệnh cụ thể. Vẫn chưa biết tình hình thế nào, cứ chờ kết quả đi.","Non-distorted",0
"Chú chó nhỏ mà tôi đã nuôi nấng cẩn thận qua đời, tôi cảm thấy vô cùng đau buồn. Nuôi chó thật là đau lòng, mình không dám nuôi nữa, nỗi đau này thật sự quá khó chịu.","Emotional Reasoning",1
"Tôi đã trượt bằng lái xe nhiều lần rồi, việc học lái xe thất bại. Ngay cả việc học lái xe cũng không hiểu được, mình không có khả năng học tập, mình là một kẻ vô dụng.","Labeling and Mislabeling",1
"Chồng tôi nghĩ vợ mua quần áo mỗi tuần quá lãng phí, vợ nghĩ chồng cho tiền người nhà ở quê quá nhiều. Mỗi người có một suy nghĩ khác nhau, chỉ cần làm rõ hiểu lầm, vì cách suy nghĩ của chúng ta đều là độc đáo.","Non-distorted",0
"Đi trên đường, một con chó hoang lao đến cắn tôi. Chó hoang đúng là một tai họa, chỉ biết cắn người lung tung, làm hại tất cả mọi người!","Overgeneralization",1
"Tôi và bạn bè mỗi ngày đều ăn cơm cùng nhau, đột nhiên một ngày cô ấy không đến tìm tôi ăn cơm. Cô ấy chắc là có việc gấp gì đó đột xuất thôi.","Non-distorted",0
"Tôi và bạn cùng phòng có nhiều khác biệt trong thói quen sinh hoạt, dẫn đến mâu thuẫn vì những chuyện nhỏ nhặt hàng ngày. Lần nào cũng cãi nhau vì những chuyện vặt vãnh, sớm muộn gì chúng ta cũng sẽ đánh nhau thôi!","Fortune-telling",1
"Tôi và bạn bè mỗi ngày đều ăn cơm cùng nhau, đột nhiên một ngày cô ấy không đến tìm tôi ăn cơm. Cô ấy không đến tìm mình ăn cơm, cảm thấy ăn cơm cũng không còn ngon nữa, hơi khó chịu.","Emotional Reasoning",1
"Hôm nay sếp phê bình tôi, nói tôi làm việc không đủ năng lực. Ngay cả việc nhỏ này mình cũng không làm tốt được, xem ra mình sẽ không bao giờ làm tốt được công việc của mình.","Overgeneralization",1
"Tôi tự tin rằng mình sẽ có học bổng, nhưng không may lại trượt học bổng. Cố gắng cho học bổng lần sau, mình phải nỗ lực hơn nữa.","Non-distorted",0
"Sếp quyết định giảm lương của tất cả nhân viên, tôi cảm thấy rất buồn. Anh ta đột nhiên vô cớ giảm lương như vậy, tám phần là muốn sa thải chúng tôi, nhưng không tiện nói ra, nên muốn chúng tôi tự rút lui.","Mind Reading",1
"Bố mẹ tôi lâm bệnh nặng, tôi không đủ tiền chữa trị. Ước gì mình có thể thay bố mẹ mình bị bệnh, ước gì mình có thể thay bố mẹ mình chết đi.","Emotional Reasoning",1
"Đột nhiên tôi đi ra ngoài, phát hiện quần áo của mình bị ngược. Chết rồi, quần áo bị ngược, cảm thấy thật xấu hổ phải làm sao đây, cả thế giới đang chú ý đến bộ dạng kỳ lạ này của mình.","All-or-Nothing Thinking",1
"Đầu tư thất bại, mất hết tiền tiết kiệm. Họ sẽ không tin mình bị trầm cảm, gia đình mình sẽ nghĩ mình giả vờ, hoặc ai cũng có lúc cảm thấy buồn bã.","Mind Reading",1
"Hôm nay bố tôi say rượu, nổi giận đùng đùng, đá tôi ra khỏi nhà. Chắc là do mình đã làm gì đó không tốt nên bố mới tức giận như vậy, mình nhất định phải tìm ra vấn đề để ông ấy không tức giận nữa.","Personalization",1
"Tôi tự tin rằng mình sẽ có học bổng, nhưng không may lại trượt học bổng. Nỗ lực cũng vô nghĩa rồi, cũng không giải quyết được vấn đề.","All-or-Nothing Thinking",1
"Gần đây tôi bị gãy xương, mỗi lần bạn bè đều phải đi cùng tôi xuống lầu, đưa tôi đi học. Anh ấy sẽ không giúp mình miễn phí đâu, ngấm ngầm mong mình sẽ trả ơn.","Mind Reading",1
"Trong khoảng thời gian này, tôi và người bạn thân nhất của mình xảy ra tranh cãi, cả hai không ai chịu nhường ai, tuyên bố cắt đứt quan hệ, dường như mất kiểm soát thế giới của mình, mọi thứ đều hỗn loạn.","Non-distorted",0
"Trong dòng xe cộ đông đúc, một chiếc xe vượt lên phía trước chúng ta. Mình vô cùng tức giận hạ cửa kính xuống chửi rủa anh ta, nhưng lại cảm thấy hối hận vì không thể kiểm soát hành vi của mình, nghĩ rằng mình có ý chí kém, là kẻ vô dụng không kiểm soát được cảm xúc.","All-or-Nothing Thinking",1
"Giáo viên giao cho tôi dự án, tôi không hoàn thành đúng hạn, bị giáo viên phê bình. Dù sao thì dự án này mình cũng không muốn làm, giáo viên còn tỏ vẻ khó chịu với mình, dự án này không thuận lợi với mình, dứt khoát không làm nữa.","Emotional Reasoning",1
"Tôi vất vả làm việc nhà, bố mẹ không nhìn thấy. Làm xong việc nhà mình cũng rất vui, thỉnh thoảng lao động một chút cảm giác cũng rất tốt.","Non-distorted",0
"Tôi chăm chỉ học tập, ban đầu kỳ vọng đạt điểm cao, nhưng tôi chỉ vừa đủ điểm đỗ. Có vẻ như mình vẫn còn thiếu sót trong việc nắm vững phần kiến thức này.","Non-distorted",0
"Tôi có thành tích rất kém, mặc dù đã rất cố gắng học tập, nhưng kết quả vẫn không như ý. Đây không phải là nội dung sở trường của mình, không cần phải quá bận tâm, hãy dành nhiều tâm sức hơn cho những lĩnh vực mình yêu thích, để đạt được những thành tựu lý tưởng.","Non-distorted",0
"Đàn em cho rằng tôi chưa bồi dưỡng anh ta đủ. Anh ấy chắc chắn gần đây công việc không tốt, gặp phải nút thắt cổ chai, cố tình gây sự với mình.","Fortune-telling",1
"Bây giờ là năm cuối đại học, nhưng gần đây tôi vẫn đang phân vân giữa việc học lên thạc sĩ hay đi làm, dao động không quyết định được. Mình nên học lên thạc sĩ hay đi làm đây, lựa chọn thật khó, thật băn khoăn.","Non-distorted",0
"Đầu tư thất bại, mất hết tiền tiết kiệm. Mình chìm đắm trong sự tự mãn, trách nhiệm của dự án thất bại hoàn toàn thuộc về mình, mình đã hại gia đình mình, mình là một tội đồ.","Personalization",1
"Bạn bè rủ tôi đi ăn, nhưng lúc đó tôi thực ra đã có hẹn rồi. Anh ấy không còn coi mình là bạn nữa, anh ấy sẽ cùng những người ghét mình hợp sức lại bắt nạt mình, cuộc sống của mình sẽ không bao giờ có một khoảnh khắc bình yên nào nữa.","Fortune-telling",1
"Gần đây tôi bị gãy xương, mỗi lần bạn bè đều phải đi cùng tôi xuống lầu, đưa tôi đi học. Lỡ như cô ấy chỉ vì sĩ diện mà không tiện từ chối yêu cầu của mình thì sao, lỡ như cô ấy trong lòng cũng cảm thấy mình rất phiền phức thì sao.","Mind Reading",1
"Tôi không phải là một đứa trẻ xinh đẹp, tôi cảm thấy hơi tự ti. Mỗi lần đi trên đường, mình đều cảm thấy người khác đang cười nhạo ngoại hình của mình.","Mind Reading",1
"Tôi đi ra ngoài không mang ô, nhưng đột nhiên trời bắt đầu mưa, mưa rất to, tôi không vui lắm. Quần áo đều ướt hết rồi, lát nữa có khi lại gặp người quen thì sao, thật là xấu hổ quá, muốn tìm một cái lỗ mà chui xuống.","Mind Reading",1
"Tài liệu ôn tập của tôi hoàn toàn không khớp với đề thi. Tất cả những nỗ lực trên thế giới này đều là vô ích, vất vả đều vô dụng, còn nỗ lực làm gì nữa, cứ thế mà buông xuôi thôi. Mọi thứ đều đã được định sẵn, không thể thay đổi bất cứ điều gì.","Overgeneralization",1
"Chú chó nhỏ mà tôi đã nuôi nấng cẩn thận qua đời, tôi cảm thấy vô cùng đau buồn. Tự trách mình sơ suất. Sâu thẳm trong lòng mình biết, nếu không phải lỗi của mình, có lẽ nó vẫn còn sống.","Personalization",1
"Người yêu tôi không may qua đời cách đây một thời gian. Tại sao mình lại không thể xử lý tốt mọi tình huống đột xuất, mình thực sự không biết sống để làm gì, vô nghĩa.","All-or-Nothing Thinking",1
"Gần đây tôi vừa được thăng chức, nhưng sợ năng lực của mình không thể đảm nhiệm. Học hỏi nhiều hơn, hiểu rõ tính cách và năng lực của các thành viên, thì mới có thể tổ chức mọi người tốt.","Non-distorted",0
"Bài luận mà tôi đã vất vả viết không được đồng nghiệp công nhận. Mình cố gắng như vậy có ích gì, tất cả đều vô ích, căn bản không thấy được thành quả, không bao giờ tin rằng nỗ lực sẽ có hồi báo nữa.","All-or-Nothing Thinking",1
"Đột nhiên thức dậy lúc ba giờ sáng, tôi vẫn cảm thấy rất buồn ngủ, công việc ngày mai có thể bị ảnh hưởng. Buồn ngủ quá, ngày mai trạng thái làm việc không tốt có bị sếp mắng không nhỉ, hơi lo lắng.","Fortune-telling",1
"Tôi được chẩn đoán mắc khối u não, rất hoang mang, cảm thấy rất sợ hãi. Cuộc đời mình xong rồi, không còn hy vọng gì nữa, đây có lẽ là công việc tồi tệ nhất trên thế giới này.","All-or-Nothing Thinking",1
"Bài luận mà tôi đã vất vả viết không được đồng nghiệp công nhận. Mình đúng là một kẻ vô dụng, một kẻ dốt nát không thể làm tốt bài luận nghiên cứu khoa học.","Labeling and Mislabeling",1
"Tôi và bạn bè mỗi ngày đều ăn cơm cùng nhau, đột nhiên một ngày cô ấy không đến tìm tôi ăn cơm. Vốn dĩ hôm nay thi không tốt, tâm trạng đã không tốt rồi, bây giờ lại không có ai đi ăn cùng mình, hôm nay thật là xui xẻo!","Non-distorted",0
"Bố mẹ hối thúc tôi kết hôn và sinh con, tôi cảm thấy rất khó chịu. Thật không hiểu kết hôn sinh con có ý nghĩa gì, lẽ nào ý nghĩa cuộc đời trong mắt họ chỉ có những thứ này thôi sao?","All-or-Nothing Thinking",1
"Tôi chủ động chào hỏi, bạn học mới cũng chỉ qua loa đáp lại. Dù mình làm gì, cũng không thể thành công. Thế giới của mình, giống như thủy tinh vỡ vụn, những mảnh vỡ tàn nhẫn cứa vào mình.","All-or-Nothing Thinking",1
"Tôi mua một túi cổ vịt, ăn cổ vịt bị mắc nghẹn. Quá bất cẩn, gần đây cần nâng cao cảnh giác.","Non-distorted",0
"Gần đây tôi cảm thấy chiều cao của mình không lý tưởng lắm. Chiều cao của họ khiến mình ngưỡng mộ, nhưng thành tích xuất sắc của mình cũng nên khiến họ ngưỡng mộ. Không ai hoàn hảo, cũng không ai vô dụng.","Non-distorted",0
"Tôi có thành tích rất kém, mặc dù đã rất cố gắng học tập, nhưng kết quả vẫn không như ý. Cảm giác như chạm đáy, nhưng mỗi lần tôi nghĩ nó là đáy, nhưng thực tế không phải vậy. Tôi sẽ đi đâu từ đây?","Overgeneralization",1
"Có lần tôi nghe thấy bạn trai/bạn gái của mình đang nói chuyện với bạn thân khác giới. Nếu người yêu mình cũng phản bội mình, vậy thì mình sống còn ý nghĩa gì nữa, không ai yêu mình.","All-or-Nothing Thinking",1
"Chú chó nhỏ mà tôi đã nuôi nấng cẩn thận qua đời, tôi cảm thấy vô cùng đau buồn. Mình ngay cả một chú chó nhỏ cũng không chăm sóc tốt được, đúng là một người chủ thất bại, sau này sẽ không bao giờ nuôi bất kỳ con vật nhỏ nào nữa.","Overgeneralization",1
"Tháng này, có nhiều đồng nghiệp trẻ mới đến, họ làm việc hiệu quả và rất tốt, tôi cảm thấy hơi lo lắng. Trẻ trung thật tốt, lớp sóng sau xô lớp sóng trước, mình cũng phải cố gắng gấp bội. Dù người trẻ có niềm đam mê vô tận, nhưng người giàu kinh nghiệm lại có lợi thế hơn.","Non-distorted",0
"Tôi bị chụp ảnh khỏa thân cưỡng bức, tôi rất đau khổ, không dám nói cho ai biết. Mình bị người ta nhìn thấy hết rồi, trinh tiết của mình mất rồi, cuộc đời mình cũng bị hủy hoại rồi, mình đời này coi như xong rồi.","All-or-Nothing Thinking",1
"Tôi và bạn bè mỗi ngày đều ăn cơm cùng nhau, đột nhiên một ngày cô ấy không đến tìm tôi ăn cơm. Ngay cả ăn cơm cũng không ai muốn ăn cùng mình nữa, mình thật là thất bại, đã sa sút đến mức bị tất cả mọi người ghét bỏ như thế này rồi.","All-or-Nothing Thinking",1
"Chú chó nhỏ mà tôi đã nuôi nấng cẩn thận qua đời, tôi cảm thấy vô cùng đau buồn. Nó chỉ là đã hoàn thành nhiệm vụ và trở về hành tinh chó để sống tốt thôi.","Non-distorted",0
"Để giúp con cải thiện thành tích, tôi đã kèm cặp đứa trẻ này một thời gian, kết quả thi được 70 điểm, tôi vẫn không hài lòng với kết quả này. Ngay cả con mình cũng không dạy dỗ tốt được, mình đúng là một thằng ngốc.","Labeling and Mislabeling",1
"Gần đây công việc rất bận, con tôi bị bỏ bê, tôi cảm thấy thiếu sự đồng hành với con. Trẻ em trong gia đình đơn thân đều như vậy, không thể có đủ tình yêu thương của cha và mẹ, nên con tôi không thể trách tôi, tôi cũng không có cách nào khác.","Overgeneralization",1
"Tôi cảm thấy bạn cùng phòng dường như mỗi ngày đều có mối quan hệ rất tốt, nhưng tôi không thể hòa nhập. Mọi người chỉ bận việc riêng của mình thôi, làm gì có ai rảnh rỗi cả ngày đi tìm người khác nói chuyện chứ. Họ chắc chắn nghĩ mình rất phiền, nên đều cố tình không để ý đến mình.","Mind Reading",1
"Sáng dậy, vốn dĩ muốn ngủ thêm một lát, dậy thì phát hiện đã muộn. Sao mình lại không có khái niệm về thời gian như vậy, làm gì cũng không đúng giờ, hoạt động cũng đến muộn, bây giờ ngay cả đến lớp cũng ngủ quên. Đây là phong cách làm việc của mình, mình căn bản là một kẻ vô dụng.","All-or-Nothing Thinking",1
"Gần đây tôi vừa được thăng chức, nhưng sợ năng lực của mình không thể đảm nhiệm. Sếp đã thăng chức cho mình, điều đó chứng tỏ ông ấy khẳng định năng lực của mình, mình phải tin vào bản thân, làm việc tốt, không phụ lòng tin của sếp.","Non-distorted",0
"Hai tuần liên tiếp không nhận được tin nhắn hoặc cuộc gọi. Tôi không có bạn bè thật sự, chỉ có một vài người, tôi thỉnh thoảng sử dụng Snapchat trong công việc, nhưng nếu tôi chết, họ thậm chí sẽ không nhận ra.","Mind Reading",1
"Tài liệu ôn tập của tôi hoàn toàn không khớp với đề thi. Mình sẽ tiếp tục cố gắng luyện tập, chỉ cần luyện tập thêm một chút nữa là được.","Non-distorted",0
"Tôi có thành tích rất kém, mặc dù đã rất cố gắng học tập, nhưng kết quả vẫn không như ý. Có vẻ như phương pháp học tập có vấn đề, cần hỏi thầy cô nhiều hơn, không thể tự mình mày mò học bừa.","Non-distorted",0
"Trong một hoặc hai tháng qua, tôi thức dậy ít nhất một lần mỗi tuần vì đau lưng. Hậu quả của việc ngồi sai tư thế, tôi đã trải nghiệm rồi.","Non-distorted",0
"Đột nhiên tôi đi ra ngoài, phát hiện quần áo của mình bị ngược. Thật xấu hổ quá, người trên phố chắc chắn đều nhìn thấy rồi, những người thì thầm đó chính là đang lén cười nhạo mình, chắc chắn đang nói xấu mình.","Mind Reading",1
"Tôi chăm chỉ học tập, ban đầu kỳ vọng đạt điểm cao, nhưng tôi chỉ vừa đủ điểm đỗ. Đôi khi mình cảm thấy áp lực học hành ở trường quá lớn, mình có thể sắp sụp đổ rồi.","Mind Reading",1
"Đi ăn ở nhà hàng, tôi phát hiện có một con côn trùng nhỏ trong thức ăn. Ăn một bữa cơm mà cũng có côn trùng, mình đúng là xui xẻo quá, sau này mỗi lần ăn cơm mình chắc chắn sẽ gặp côn trùng thôi, dù sao mình cũng đã ăn nhiều như vậy rồi.","Overgeneralization",1
"Tôi cứ nghĩ mình có thể được bảo lưu đại học, nhưng cuối cùng danh sách không có tôi. Mình tự tin nghĩ rằng sẽ có mình, bây giờ người khác chắc chắn sẽ cười nhạo mình.","Mind Reading",1
"Thật không may, gần đây tôi cảm thấy rất khó chịu, nhưng vẫn chưa tìm ra bệnh cụ thể. Không thể chẩn đoán được bệnh gì khiến mình rất căng thẳng tâm lý, thường xuyên lo lắng bất an.","Emotional Reasoning",1
"Gần đây tôi bị lừa, kẻ lừa đảo đã lừa hết tiền của tôi. Xong đời rồi, chẳng còn gì cả, cuộc sống của mình cũng kết thúc rồi.","All-or-Nothing Thinking",1
"Tết đến, trong bữa cơm tất niên, những người cùng thế hệ với tôi đều có tiết mục biểu diễn tài năng, tôi chỉ biết cắm cúi ăn cơm. Anh chị em đều tài năng như vậy, họ chắc chắn trong lòng đều coi thường mình, nghĩ mình không làm nên trò trống gì, căn bản không muốn chơi với mình.","Mind Reading",1
"Bây giờ là năm cuối đại học, tôi ban đầu quyết định đi làm, nhưng gần đây lại liên tục phân vân giữa việc học lên thạc sĩ hay đi làm, cảm thấy mông lung. Người như mình, ngay cả một lựa chọn đơn giản như vậy cũng chần chừ, sau này làm gì cũng không quyết đoán được, thật sự là vô dụng.","Labeling and Mislabeling",1
"Tôi đã hẹn đi chơi cùng nhau, nhưng tôi lại bị cho leo cây. Phiền phức chết đi được, mình trang điểm một tiếng đồng hồ, không rảnh sao không nói sớm, lãng phí thời gian của mình.","Non-distorted",0
"Thu nhập của tôi rất thấp, thu nhập của vợ khá cao, tôi cảm thấy áp lực. Thu nhập của vợ cao hơn tôi cho thấy cô ấy không phải vì tiền của tôi mà là vì con người tôi.","Non-distorted",0
"Tôi đang cố gắng ôn thi cao học, lúc này bạn gái tôi phàn nàn rằng gần đây tôi đã bỏ bê cô ấy. Mình ôn thi cao học vất vả như vậy rồi, bạn gái còn làm mình phiền lòng, bạn gái trên thế giới này đều như vậy, không hiểu chuyện.","Overgeneralization",1
"Có người bắt nạt tôi, nói tôi là một người không quan trọng. Anh ta nói mình là một người không quan trọng, mình rất buồn.","Non-distorted",0
"Tháng này, có nhiều đồng nghiệp trẻ mới đến, họ làm việc hiệu quả và rất tốt, tôi cảm thấy hơi lo lắng. Đừng lo lắng, họ tuy trẻ nhưng mình có kinh nghiệm và năng lực, không có vấn đề gì lớn.","Non-distorted",0
"Tôi và bạn học chơi game ở quán net, giáo viên đột nhiên đi vào tóm được tôi. Vậy các bạn khác chắc chắn sẽ rất thất vọng, mình không phải lúc nào cũng chơi ở quán net, lại sắp chiếm suất vào trường trọng điểm của họ rồi, không biết có ai ngăn cản thầy cô bắt mình không.","Mind Reading",1
"Bạn bè rủ tôi đi ăn, nhưng lúc đó tôi thực ra đã có hẹn rồi. Mình luôn vô tình làm bạn bè tức giận, mình nghĩ mình đã khiến họ gặp bất hạnh.","Personalization",1
"Bố mẹ tôi gần đây đang cãi nhau, không quan tâm tôi nhiều. Trẻ con bình thường đều có bố mẹ yêu thương, nhưng bố mẹ mình luôn cãi nhau, không quan tâm mình, nên mình là một đứa trẻ bất hạnh, tuổi thơ của mình đầy đau khổ, mình không vui.","Emotional Reasoning",1
"Tôi đã hẹn đi chơi cùng nhau, nhưng tôi lại bị cho leo cây. Cả đời này không ai quan tâm mình nữa.","Overgeneralization",1
"Gần đây tôi muốn xem ảnh tốt nghiệp của mình, nhưng tôi tìm mãi không thấy. Ơ? Sao lại không tìm thấy nhỉ? Không phải đâu, thôi đợi mai hỏi bạn xem có không.","Non-distorted",0
"Tôi chuẩn bị tranh cử chủ tịch câu lạc bộ, tôi đã rất nỗ lực chuẩn bị mọi thứ, mọi người xung quanh đều nghĩ tôi có thể trúng cử, nhưng cuối cùng tôi lại không may mắn thất cử. Mình nghĩ mình có thể được chọn, những người xung quanh cũng nghĩ mình có thể được chọn, nhưng cuối cùng mình lại không được chọn, chắc chắn là có gian lận.","All-or-Nothing Thinking",1
"Khi tôi đang nói chuyện với ai đó, điện thoại của người đó đổ chuông, nhưng người đó không nhấc máy. Anh ấy có phải vì nói chuyện với mình mà không nghe thấy điện thoại không, mình nên nhắc anh ấy một chút.","Non-distorted",0
"Một tuần tôi chỉ có 500 nhân dân tệ tiền sinh hoạt, bạn học đều ăn đủ thứ đồ ăn vặt, tôi thì không. Họ đều mua đồ ăn, chỉ có mình không mua, họ chắc chắn sẽ nghĩ mình không hòa đồng hoặc nghĩ mình nghèo không mua được.","Mind Reading",1
"Gần đây tôi bị gãy xương, mỗi lần bạn bè đều phải đi cùng tôi xuống lầu, đưa tôi đi học. Mất đi tự do chạy nhảy, chỉ có thể dựa vào nạng và sự giúp đỡ của bạn bè, thật bi thảm và chán nản, thà nằm trên giường, không bao giờ dậy nữa.","Emotional Reasoning",1
"Hôm nay bố tôi say rượu, nổi giận đùng đùng, đá tôi ra khỏi nhà. Không cần quá bận tâm, có thể anh ấy đang buồn vì chuyện gì đó.","Non-distorted",0
"Chồng tôi nghĩ vợ mua quần áo mỗi tuần quá lãng phí, vợ nghĩ chồng cho tiền người nhà ở quê quá nhiều. Mỗi lần em mua quần áo tốn tiền như nước chảy, có biết bây giờ nhà mình phải tiết kiệm tiền không? Không tiết kiệm được tiền, đợi đến khi em già, bị bệnh, không có tiền, căn bản không ai quản em đâu, em cứ tự mà chờ chết đi!","Mind Reading",1
"Gần đây tôi phát hiện ra WeChat của người thứ ba trong điện thoại của bố tôi. Mình là đứa trẻ hư, thường xuyên làm ông ấy tức giận, nên ông ấy mới đi tìm người thứ ba.","Personalization",1
"Là con gái, tôi bị các bạn cùng lớp chế giễu vì đến kỳ kinh nguyệt. Đến kỳ kinh nguyệt thật đáng sợ, không chỉ cơ thể khó chịu, tinh thần mình còn bị người khác chế giễu.","Emotional Reasoning",1
"Trong đại dịch COVID-19, tôi là nhân viên y tế và cần làm thêm giờ không lương. Nếu mình đề nghị rằng chúng tôi cũng cần tiền làm thêm giờ, thì sau này cuộc sống chắc chắn sẽ khó khăn, sẽ bị người khác coi thường và xa lánh.","Fortune-telling",1
"Tôi có thành tích rất kém, mặc dù đã rất cố gắng học tập, nhưng kết quả vẫn không như ý. Không thể để người khác biết mình cố gắng vẫn không có kết quả, như vậy chắc chắn sẽ bị mọi người cười nhạo.","Mind Reading",1
"Đồng nghiệp của tôi, vào công ty cùng năm, tôi cảm thấy cô ấy luôn thích lấn át tôi. Có thể là mình đã nhầm lẫn, có lẽ là do đồng nghiệp này thường xuyên tham gia vào một số công việc báo cáo của công ty.","Non-distorted",0
"Tôi đối mặt với các hoạt động đa dạng của trường học, đầy hứng thú, nhưng lại lo sợ thất bại. Không có cách nào khác, mình chính là không có dũng khí để tham gia, nói gì cũng vô ích, mình mãi mãi yếu đuối như vậy, không thay đổi được.","Overgeneralization",1
"Sáng dậy, vốn dĩ muốn ngủ thêm một lát, dậy thì phát hiện đã muộn. Sao mình không đặt báo thức rồi ngủ tiếp chứ! Mình thật ngu ngốc, bị mắng cũng đáng đời, không có chút tự biết mình. Mình căn bản là một kẻ lười biếng ngu ngốc.","Labeling and Mislabeling",1
"Khi tôi giáo dục con cái, chúng bắt đầu cãi lại, bày tỏ ý kiến của mình, thậm chí công khai phản đối tôi. Mình đã vất vả dạy dỗ con cái mười mấy năm trời! Thế mà lại vô lễ với mình như vậy, tất cả mọi thứ đều xong rồi, mình đã nuôi chúng uổng phí bao nhiêu năm rồi, mình đời này không thể trông cậy vào chúng được nữa, thật là những đứa con bất hiếu.","All-or-Nothing Thinking",1
"Khách sạn tôi đặt thông báo rằng khách sạn đã đầy phòng, rõ ràng là tôi không đặt được phòng. Không đặt được gì cả, chơi cũng không vui, mình ra ngoài đúng là một sai lầm, đáng lẽ nên ở nhà không đi đâu cả.","Overgeneralization",1
"Các bạn cùng lớp đều ra ngoài, tôi một mình ở trong lớp học, cảm thấy hơi cô đơn. Không ai sẽ đi cùng mình đâu, cuộc sống đại học này mình định là một mình, không ai sẽ để ý đến mình.","Overgeneralization",1
"Gần đây tôi mang thai, cảm thấy rất khó chịu. Nghĩ đến việc mẹ mình khi đó cũng đã trải qua những đau khổ này để sinh ra mình, cảm thấy mình là một tội nhân không thể tha thứ.","Personalization",1
"Đi ăn ở nhà hàng, tôi phát hiện có một con côn trùng nhỏ trong thức ăn. Nhà hàng bẩn quá, lần sau không đến nữa.","Non-distorted",0
"Đột nhiên thức dậy lúc ba giờ sáng, tôi vẫn cảm thấy rất buồn ngủ, công việc ngày mai có thể bị ảnh hưởng. Mất ngủ thì thôi, có lẽ mình không nên cố gắng ngủ nữa, mình chắc chắn sẽ rơi vào một hố đen không ngủ được.","All-or-Nothing Thinking",1
"Các bạn cùng lớp đều ra ngoài, tôi một mình ở trong lớp học, cảm thấy hơi cô đơn. Một mình cũng khá yên tĩnh, mình sẽ tận dụng thời gian này để học tập thật tốt.","Non-distorted",0
"Tôi rất béo, rất mập. Giảm cân thì có ích gì, dù mình có giảm cân cũng sẽ không thay đổi được gì.","Fortune-telling",1
"Tôi luôn sống trong một gia đình có điều kiện kinh tế khá khó khăn, thu nhập của bố mẹ không cao. Mỗi lần đi ngang qua những gia đình có điều kiện tốt hơn, mình đều cảm thấy rất xấu hổ, họ chắc chắn đang lén lút cười nhạo mình, coi mình như một trò cười để sỉ nhục.","Mind Reading",1
"Tôi vừa bị chụp ảnh khỏa thân cưỡng bức, tôi rất đau khổ, không dám nói cho ai biết. Tôi cảm thấy cuộc đời có một vết nhơ lớn như vậy, cả đời này mình còn có hy vọng gì nữa.","Overgeneralization",1
"Đột nhiên tôi thức dậy lúc ba giờ sáng và vẫn cảm thấy rất buồn ngủ, công việc ngày mai có thể bị ảnh hưởng. Tôi nghĩ người khác cũng sẽ trải qua tình huống như vậy, nhưng họ đều có thể vượt qua, chỉ có mình là không được.","Personalization",1
"Những người xung quanh đã nói với người khác về bí mật tôi thích một bạn nam lớp bên cạnh, và tin đồn đó đã đến tai tôi. Tôi nghĩ những người này không giữ bí mật cho mình, sau này cũng sẽ không có ai giúp mình giữ bí mật.","Overgeneralization",1
"Khi phỏng vấn, HR cho biết tôi không đáp ứng yêu cầu của công ty. Tôi nghĩ chắc chắn là đã có người được nhận rồi, phỏng vấn chỉ là hình thức thôi, công ty này chắc chắn có gian lận.","Mind Reading",1
"Căn hộ tôi đang ở đột nhiên bị nổ, tôi mất nhà cửa. Tôi nghĩ chắc chắn là kiếp trước mình đã làm những chuyện trời đất khó dung nên kiếp này phải đến để chuộc tội.","Personalization",1
"Để giúp con cải thiện thành tích, tôi đã kèm cặp đứa trẻ này một thời gian, kết quả thi được 70 điểm, tôi vẫn không hài lòng với kết quả này. Tôi nghĩ những đứa trẻ nghịch ngợm đó, tương lai của chúng sẽ không có nhiều thay đổi, chúng không thể thành đạt, số phận của chúng đã được định sẵn.","Fortune-telling",1
"Gần đây công việc rất bận rộn, cấp trên tạo áp lực rất lớn cho tôi, nhưng các đồng nghiệp xung quanh dường như không có gì bất thường. Tôi cảm thấy mỗi ngày áp lực lớn quá, mình thở không nổi nữa rồi, muốn chết quá.","Emotional Reasoning",1
"Công ty trước đây của tôi kinh doanh không tốt nên phá sản, vì vậy tôi đã không có việc làm nửa năm nay. Tôi nghĩ thôi, bỏ cuộc tìm việc đi, sẽ không có công ty nào cần mình đâu, mình không thể tìm được việc làm.","Fortune-telling",1
"Các bạn cùng lớp đều ra ngoài, tôi một mình ở trong lớp học và cảm thấy hơi cô đơn. Tôi cảm thấy bị tách rời khỏi mọi thứ và mọi người: tôi thực sự không biết giải thích điều này như thế nào, nhưng dù tôi ở một mình hay trong đám đông, tôi đều cảm thấy cảm giác 'khác biệt' này.","Overgeneralization",1
"Hai tuần liên tiếp tôi không nhận được tin nhắn hoặc cuộc gọi. Tôi nghĩ trầm cảm nói với tôi rằng không ai quan tâm, và tôi cũng biết không ai quan tâm đến tôi.","Overgeneralization",1
"Gần đây tôi bị gãy xương, mỗi lần bạn bè đều phải đi cùng tôi xuống lầu, đưa tôi đi học. Tôi nghĩ vốn dĩ cuộc sống đại học đã hỗn loạn rồi, bây giờ lại còn bị gãy xương nữa chứ, cuộc sống đại học của mình đúng là một mảng tối tăm. Từ nay về sau chỉ có ngày càng tệ hơn thôi.","All-or-Nothing Thinking",1
"Tôi và bạn học chơi game ở quán net, giáo viên đột nhiên đi vào tóm được tôi. Tôi nghĩ mau nhận lỗi, xin thầy tha thứ, nói không chừng còn có một tia hy vọng.","Non-distorted",0
"Mỗi năm đến Tết, người nhà lại hỏi han đủ thứ về tôi. Tôi sợ nhất là những câu hỏi trên bàn ăn như thế này, nếu năm nào đó phát triển không tốt thì thà không đón Tết cũng không ăn cơm.","Fortune-telling",1
"Là một luật sư, vụ kiện của tôi đã thua. Tôi cảm thấy thua kiện thật là khó chịu! Đây mới chỉ là vụ kiện đầu tiên của mình! Luật sư đúng là một nghề vô dụng.","Emotional Reasoning",1
"Khi tôi đã chuẩn bị sẵn sàng mọi thứ để rời nhà, mẹ lại lâm bệnh nặng, trong nhà luôn xảy ra những chuyện khiến tôi không dám rời nhà ra ngoài lập nghiệp. Tôi nghĩ gia đình như mình còn xứng đáng có lý tưởng gì nữa, cứ sống lay lắt qua kiếp này cũng coi như xong.","Fortune-telling",1
"Gần đây tôi cảm thấy đôi khi đứng dậy là chóng mặt, cảm giác nặng đầu nhẹ chân. Tôi nghĩ mình đúng là một kẻ bệnh tật, cơ thể luôn có bệnh, không chữa khỏi được, bây giờ yếu ớt như vậy, sau này cũng không sống được bao nhiêu năm nữa.","Labeling and Mislabeling",1
"Gần đây gần đến hạn nộp dự án, sau giờ làm đầu óc tôi vẫn không ngừng nghĩ về công việc. Tôi cảm thấy mình mệt quá, nhưng mình không thể không chịu trách nhiệm cho dự án của mình, dù mình cảm thấy mình liên tục bị bóc lột, mình cũng không thể rời bỏ dự án mà mình đã nỗ lực rất lâu này, một khi buông tay, tất cả năng lượng của mình đều sẽ vô ích, công việc bây giờ đối với mình đã trở thành một việc đau khổ.","Emotional Reasoning",1
"Tết đến, trong bữa cơm tất niên, những người cùng thế hệ với tôi đều có tiết mục biểu diễn tài năng, tôi chỉ biết cắm cúi ăn cơm. Tôi cảm thấy mình thật vô dụng, là kẻ nhát gan, căn bản không xứng đáng ngồi cùng với những anh chị em xuất sắc đó để ăn bữa cơm tất niên.","Labeling and Mislabeling",1
"Bố mẹ tôi gần đây đang cãi nhau, không quan tâm tôi nhiều. Tôi nghĩ họ từ đầu đến cuối đều không nghĩ cho mình, mình giống như một người vô hình trôi dạt trong thế giới này.","Mind Reading",1
"Hai tuần liên tiếp tôi không nhận được tin nhắn hoặc cuộc gọi. Tôi đã nhìn thấu rồi, cái gọi là bạn bè cũng chỉ có vậy, mình sẽ không bao giờ tin bất cứ ai nữa, mình căn bản không cần bạn bè. Tất cả mọi người đều ích kỷ, chỉ quan tâm đến bản thân, tình bạn căn bản là một trò đùa.","Emotional Reasoning",1
"Gần đây tôi cảm thấy đôi khi đứng dậy là chóng mặt, cảm giác nặng đầu nhẹ chân. Tôi nghĩ hôm kia mình thấy bạn cùng phòng cầm bình nước của mình, chắc là anh ấy đã bỏ thuốc vào cho mình.","Mind Reading",1
"Mơ lấy được hoàng tử bạch mã, cuối cùng tôi chỉ lấy một người chồng mà tôi không yêu. Tôi nghĩ hoàng tử bạch mã gì đó chỉ tồn tại trong truyện cổ tích thôi, người có điều kiện như mình cũng chỉ có thể tìm được người như vậy.","Non-distorted",0
"Tôi có thành tích rất kém, mặc dù đã rất cố gắng học tập, nhưng kết quả vẫn không như ý. Tôi sẽ hỏi thầy cô bạn bè, cố gắng thêm chút nữa, mình nhất định sẽ làm được.","Non-distorted",0
"Tôi và bạn cùng phòng gần đây thường xuyên xảy ra mâu thuẫn. Tôi nghĩ chúng tôi tính cách khác nhau, nên thường xuyên xảy ra xung đột, tôi cảm thấy rất lo lắng.","Non-distorted",0
"Bố mẹ có vẻ can thiệp quá nhiều vào cuộc sống của tôi, gần đây bố mẹ thường xuyên hỏi han những việc tôi làm. Tôi nghĩ nhiều vấn đề rõ ràng không cần hỏi họ cứ hỏi mãi không ngừng, họ chưa bao giờ nghĩ đến cảm xúc của mình, chỉ lo thỏa mãn ham muốn kiểm soát của bản thân.","Mind Reading",1
"Tôi không phải là một đứa trẻ xinh đẹp, tôi cảm thấy hơi tự ti. Tôi nghĩ mặt mình không đẹp thì không cần trang điểm, vì mình muốn nhuộm tóc nhưng bạn nói đúng, mình đã kẻ lông mày rồi.","Non-distorted",0
"Tôi không phải là một đứa trẻ xinh đẹp, tôi cảm thấy hơi tự ti. Tôi nghĩ không cần nghĩ cũng biết không ai sẽ thích mình, họ chắc chắn sẽ vì sự xấu xí của mình mà mong muốn tránh xa mình.","Fortune-telling",1
"Thật không may, tôi được chẩn đoán mắc bệnh tâm thần. Tôi nghĩ thì ra nỗi đau gần đây của mình là do bệnh tật, điều này thật bất ngờ, nhưng cũng hợp lý.","Non-distorted",0
"Tôi đang giảm cân, nhưng tôi đã lén ăn một miếng bánh quy, tôi rất hối hận. Tôi nghĩ giảm cân là để bản thân khỏe mạnh hơn, chứ không phải là để tính toán lượng calo nạp vào từ mỗi miếng thức ăn.","Non-distorted",0
"Gần đây tôi phát hiện ra WeChat của người thứ ba trong điện thoại của bố tôi. Tôi nghĩ sao bố lại có người thứ ba? Thật ghê tởm! Mình thật sự vô cùng tức giận! Người như vậy, đã hủy hoại tấm chân tình của mẹ! Người như vậy sống để làm gì, đúng là lãng phí tài nguyên xã hội! Mình phải bắt anh ta trả giá xứng đáng!","All-or-Nothing Thinking",1
"Căn hộ tôi đang ở đột nhiên bị nổ, tôi mất nhà cửa. Tôi nghĩ mình ngay cả thành quả của mình cũng không bảo vệ tốt được, sẽ mất việc làm, sau này chỉ có thể lang thang đầu đường xó chợ chịu đói chịu rét.","Mind Reading",1
"Công ty trước đây của tôi kinh doanh không tốt nên phá sản, vì vậy tôi đã không có việc làm nửa năm nay. Tôi nghĩ dù không có việc làm, nhưng mình thực sự đã có nhiều thời gian hơn để ở bên gia đình, và cũng tận dụng thời gian này để học hỏi một số kỹ năng mới!","Non-distorted",0
"Bố mẹ luôn so sánh tôi với những đứa trẻ khác, tôi cảm thấy rất không vui. Tôi nghĩ dù đi đâu, chỉ cần nhìn thấy một đứa trẻ bằng tuổi mình, họ đều có thể tìm ra ưu điểm ở đứa trẻ đó để so sánh với mình. Mình sẽ không bao giờ làm họ hài lòng.","Fortune-telling",1
"Tôi ăn nhiều đồ ăn ít calo, cân nặng vẫn không thể giảm xuống. Tôi nghĩ rõ ràng là đã ăn ít như vậy rồi, nhưng kết quả vẫn không như ý muốn, chịu nhiều khổ sở như vậy, mà cân nặng chẳng giảm chút nào, giảm cân thật khổ quá, mình thật sự không muốn kiên trì nữa.","Non-distorted",0
"Sếp quyết định giảm lương của tất cả nhân viên, tôi cảm thấy rất buồn. Tôi nghĩ mình vừa muốn mua váy, cũng không có cơ hội mua nữa rồi, tiền lương đột nhiên bị giảm khiến mình rất buồn.","Non-distorted",0
"Tôi và bạn học chơi game ở quán net, giáo viên đột nhiên đi vào tóm được tôi. Tôi nghĩ thầy giáo chắc chắn đã ở đây rất lâu rồi, chính là để tóm được mình, trừng phạt mình.","Mind Reading",1
"Gần đây tôi bị gãy xương, mỗi lần bạn bè đều phải đi cùng tôi xuống lầu, đưa tôi đi học. Tôi nghĩ mình luôn không nhớ những điều tốt đẹp người khác làm cho mình, những chuyện như thế này có lẽ sẽ bị mình nhanh chóng quên đi thôi.","Emotional Reasoning",1
"Gần đây tôi cảm thấy việc học hơi khó khăn, viết luận văn làm tôi đau đầu, giáo viên đã tìm tôi nhiều lần vì luận văn. Tôi nghĩ luận văn này mình sẽ không bao giờ viết tốt được nữa, mình không muốn viết luận văn nữa.","Overgeneralization",1
"Gần đây tôi mang thai, cảm thấy rất khó chịu. Tôi nghĩ mình mỗi ngày đều chịu đựng những đau đớn về thể xác và trầm cảm về tâm lý, nhưng những người xung quanh mình lại không thể hiểu và cũng không thể đồng cảm với mình.","Mind Reading",1
"Gần đây công việc rất bận, con tôi bị bỏ bê, tôi cảm thấy thiếu sự đồng hành với con. Tôi nghĩ mình đã lâu như vậy không ở bên con rồi, con chắc chắn sẽ trách mình trong lòng.","Mind Reading",1
"Tôi phát hiện bạn cùng phòng dường như đang âm thầm ganh đua với tôi. Tôi nghĩ có lẽ có thể cố gắng biến sự ganh đua âm thầm này thành cạnh tranh lành mạnh, như vậy cả hai chúng ta đều sẽ tiến bộ.","Non-distorted",0
"Có người bắt nạt tôi, nói tôi là một người không quan trọng. Tôi nghĩ là mình đã làm gì đó không phù hợp, tất cả đều là vấn đề của mình.","Personalization",1
"Thường xuyên phải làm thêm giờ khiến tôi cảm thấy quá khó chịu. Tôi nghĩ liệu có phải mình chết đi thì mọi người sẽ vui vẻ hơn, sếp cũng sẽ rất vui vì không cần phải trả lương cho kẻ vô dụng như mình nữa. Mình chắc chắn là gánh nặng của công ty này, không có mình mọi người sẽ tốt hơn.","Overgeneralization",1
"Tôi cố gắng an ủi bạn bè, nhưng bạn bè lại càng tức giận hơn. Tôi nghĩ một người bạn tốt sẽ biết cách chăm sóc cảm xúc của đối phương, mình không phải là một người bạn tốt.","All-or-Nothing Thinking",1
"Bố mẹ luôn so sánh tôi với những đứa trẻ khác, tôi cảm thấy rất không vui. Tôi nghĩ nói chuyện thẳng thắn với họ, cho họ biết mình không vui, mình cũng có cảm xúc, mình không thích như vậy.","Non-distorted",0
"Thật không may, gần đây tôi cảm thấy rất khó chịu, nhưng vẫn chưa tìm ra bệnh cụ thể. Tôi nghĩ mình chỉ biết làm phiền người khác, gây rắc rối cho người khác, bố mẹ không biết đã tốn bao nhiêu tiền vì mình rồi. Mình đúng là một gánh nặng, họ chắc chắn hối hận vì đã sinh ra mình.","Personalization",1
"Con gái tôi gần đây ra ngoài buổi tối, không về nhà, cũng không gọi điện cho tôi. Tôi nghĩ con bé này y hệt mẹ nó, chỉ biết chạy ra ngoài, không bao giờ biết gọi điện cho mình; phụ nữ trên đời này đều như vậy, không coi đàn ông ra gì, chỉ biết đòi tiền.","Overgeneralization",1
"Tôi đang ôn thi cao học, áp lực rất lớn, tôi rất lo lắng. Tôi nghĩ mặc dù bây giờ hơi không chắc chắn, cạnh tranh cũng rất khốc liệt, nhưng một người thông minh, chăm chỉ, tập trung, nghiêm túc, kiên cường và có ý chí chiến đấu như mình, chắc chắn có thể làm được.","Non-distorted",0
"Tôi chủ động chào hỏi, bạn học mới cũng chỉ qua loa đáp lại. Tôi nghĩ có phải mình vừa nói chuyện quá lớn tiếng làm cô ấy sợ không, tất cả là lỗi của mình.","Personalization",1
"Tôi mua một túi cổ vịt, ăn cổ vịt bị mắc nghẹn. Tôi nghĩ nếu không thì sao nói mình là kẻ xui xẻo bẩm sinh, chỉ muốn ăn cổ vịt thôi mà cũng bị mắc nghẹn đến mức này, vận may thật sự quá tệ.","Labeling and Mislabeling",1
"Đã hẹn đi chơi cùng nhau, nhưng tôi lại bị cho leo cây. Tôi nghĩ bị cho leo cây thật phiền, mình không nên kết bạn mới đúng.","Overgeneralization",1
"Hẹn bạn đi chơi bóng rổ, đến giờ anh ta không đến. Tôi nghĩ mình giục anh ấy thì anh ấy sẽ nghĩ mình không hài lòng với anh ấy đúng không, dù sao cũng không còn nhiều thời gian, hay là đợi thêm chút nữa đi. Mình có phải quá nhu nhược không, luôn sợ làm mất lòng người khác?","Mind Reading",1
"Tôi không phải là một đứa trẻ xinh đẹp, tôi cảm thấy hơi tự ti. Tôi nghĩ đều tại bố mẹ mình sinh ra mình xấu xí như vậy, người khác đều xinh đẹp, có người yêu, chỉ có mình bị ghét bỏ. Mình định là sẽ cô đơn cả đời, không ai muốn ở bên mình.","Overgeneralization",1
"Gần đây tôi có tình trạng mất ngủ vào ban đêm. Tôi nghĩ mỗi đêm không ngủ được mình đều suy nghĩ lung tung, càng muốn kết thúc những suy nghĩ lung tung đó thì đầu óc lại càng hỗn loạn.","Emotional Reasoning",1
"Tôi phát hiện ra file PPT mà tôi đã vất vả làm lại không được lưu. Tôi nghĩ mình đã làm lâu như vậy, chỉ vì không lưu nên chẳng còn gì cả, lòng mình thực sự rất khó chịu, vậy mình làm cẩn thận như vậy để làm gì chứ? Dù sao thời gian cũng đã lãng phí rồi, mình thà đi ngủ một giấc, rồi mười phút trước khi báo cáo thì làm qua loa cho xong chuyện.","Emotional Reasoning",1
"Từ trước đến nay tôi ít liên lạc với gia đình, chỉ gửi tin nhắn. Tôi nghĩ mối liên hệ giữa các thành viên trong gia đình có thể không thường xuyên, nhưng điều đó không làm suy yếu tình thân sâu sắc của chúng tôi.","Non-distorted",0
"Đồng nghiệp hoặc lãnh đạo lại giao thêm nhiệm vụ mới cho tôi. Tôi nghĩ nhiệm vụ lần này nhiều quá, không quan tâm đến mình gì cả.","Non-distorted",0
"Đồng nghiệp của tôi, vào công ty cùng năm, tôi cảm thấy cô ấy luôn thích lấn át tôi. Tôi nghĩ biết đâu cô ấy chỉ muốn làm thân với mình, nhưng lại dùng cách hơi cực đoan.","Non-distorted",0
"Gần đây tôi đi đánh bạc, thua hết tiền của mình. Tôi nghĩ sao mình có thể thua được chứ? Quả nhiên cờ bạc là lừa bịp!","Labeling and Mislabeling",1
"Là một luật sư, vụ kiện của tôi đã thua. Tôi nghĩ vụ án này mình đã thua, chắc chắn sẽ ảnh hưởng đến danh tiếng của mình, sau này có vụ án nào khác, mọi người chắc chắn sẽ không muốn mình nhận nữa, họ sẽ không tin tưởng mình.","Fortune-telling",1
"Tôi không phải là một đứa trẻ xinh đẹp, tôi cảm thấy hơi tự ti. Tôi nghĩ mình mỗi giờ mỗi phút đều phiền não vì ngoại hình của mình, điều này sẽ trở thành căn bệnh trong lòng mình.","Overgeneralization",1
"Bố mẹ có vẻ hơi quá can thiệp vào cuộc sống của tôi rồi. Dạo gần đây, bố mẹ thường xuyên hỏi han về những việc tôi làm. Tôi nghĩ bố mẹ luôn quan tâm tôi, dù tôi ở đâu, vì sự quan tâm của họ luôn mang lại cảm giác thân thuộc, nhắc nhở tôi là một đứa trẻ có gia đình.","Non-distorted",0
"Tôi và bạn cùng phòng gần đây thường xuyên xảy ra mâu thuẫn. Tôi nghĩ tôi sẽ cố gắng hết sức để giải quyết mâu thuẫn giữa chúng tôi và bạn cùng phòng, vì chúng tôi đều có suy nghĩ riêng.","Non-distorted",0
"Tôi ở nước ngoài làm việc, đột nhiên điện thoại gọi đến, bố mẹ tôi qua đời. Tôi nghĩ bây giờ mình đột nhiên mất đi bố mẹ, sau này cũng sẽ mất đi người yêu và con cái theo cách tương tự, tất cả những sự ra đi trong cuộc đời mình đều xảy ra đột ngột.","Overgeneralization",1
"Tôi bị bạo lực lạnh của gia đình đẩy đến đỉnh điểm bùng nổ, không kiểm soát được mà trở nên cuồng loạn. Tôi nghĩ các người đều là những kẻ máu lạnh, ngay cả đứa con yêu quý nhất cũng không yêu, các người căn bản sẽ không yêu ai cả!","Labeling and Mislabeling",1
"Tôi là một người đồng tính, tôi cảm thấy rất áp lực, không ai xung quanh hiểu tôi. Tôi nghĩ mình là người đồng tính, mình sẽ cô đơn đến già, chết một mình trong cô đơn.","Fortune-telling",1
"Những người xung quanh đã nói với người khác về bí mật tôi thích một bạn nam lớp bên cạnh, và tin đồn đó đã đến tai tôi. Tôi nghĩ mình từ nay về sau sẽ trở thành trò cười của tất cả mọi người.","Overgeneralization",1
"Thường xuyên phải làm thêm giờ khiến tôi cảm thấy quá khó chịu. Tôi nghĩ mình làm việc quần quật mà chỉ đủ nuôi sống bản thân, người như mình sống thật sự có ý nghĩa không, chỉ là lãng phí không khí thôi. Mình chắc chắn là một kẻ thất bại hoàn toàn, không đáng được bất kỳ ai yêu thương hay tôn trọng.","All-or-Nothing Thinking",1
"Đã hẹn đi chơi cùng nhau, nhưng tôi lại bị cho leo cây. Tôi nghĩ không đến thì thôi, cùng lắm là sau này mình không đi chơi với anh ấy nữa.","All-or-Nothing Thinking",1
"Đồng nghiệp của tôi, vào công ty cùng năm, tôi cảm thấy cô ấy luôn thích lấn át tôi. Tôi nghĩ cô ấy làm gì thực ra cũng không sao cả, mình chỉ cần đủ giỏi thì sẽ được đồng nghiệp yêu quý, được sếp trọng dụng, cô ấy căn bản không thể ảnh hưởng đến mình.","Non-distorted",0
"Tôi đi học lái xe đã trượt nhiều lần rồi, việc học lái xe thất bại. Tôi nghĩ giáo viên dạy lái xe nhắm vào mình, cố tình cho mình trượt mỗi lần, để mình mỗi năm đều phải đóng tiền học ở đó, trường dạy lái xe này thật sự quá đen tối.","Mind Reading",1
"Tôi tự tin rằng mình sẽ có học bổng, nhưng không may lại trượt học bổng. Tôi cảm thấy mình là gánh nặng cho mọi người, xin lỗi, tôi là một người tồi tệ.","Personalization",1
"Đột nhiên tôi đi ra ngoài, phát hiện quần áo của mình bị ngược. Tôi nghĩ đi phỏng vấn mà cũng mặc ngược quần áo, buổi phỏng vấn này mình chắc chắn đã làm hỏng rồi, xong rồi, mình sẽ không bao giờ tìm được việc làm nữa!","Mind Reading",1
"Tôi cảm thấy khó tập trung, hiệu quả học tập thấp, cả ngày đầu óc trống rỗng. Bạn có phải là một người đọc tâm thực sự không? Làm sao bạn có thể biết động cơ tôi đặt câu hỏi?","Non-distorted",0
"Gần đây tôi cảm thấy chiều cao của mình không lý tưởng lắm. Tôi nghĩ sao lại có người thích con trai lùn chứ, sẽ không có ai yêu mình đâu, mình cũng chỉ có thể cô đơn đến già thôi.","Fortune-telling",1
"Hai tuần liên tiếp tôi không nhận được tin nhắn hoặc cuộc gọi. Tôi nghĩ nguyên tắc của mình là thà thiếu còn hơn thừa, vòng xã giao của mình đủ rồi.","Non-distorted",0
"Tôi vừa bị chụp ảnh khỏa thân cưỡng bức, tôi rất đau khổ, không dám nói cho ai biết. Tôi nghĩ hãy để mình ngủ một giấc thật ngon đi, khi mình tỉnh dậy, những chuyện này sẽ như chưa từng xảy ra, mình sẽ không còn đau khổ nữa, mình sẽ quên đi tất cả.","Emotional Reasoning",1
"Chồng tôi nghĩ vợ mua quần áo mỗi tuần quá lãng phí, vợ nghĩ chồng cho tiền người nhà ở quê quá nhiều. Tôi nghĩ đều tại mình mua quần áo hoang phí quá, anh ấy không muốn đưa tiền cho mình nữa, tất cả đều gửi về nhà là lỗi của mình, nếu mình tỉnh táo hơn khi tiêu tiền, thì sẽ không đến mức bây giờ anh ấy không muốn quản mình.","Personalization",1
"Tôi chủ động chào hỏi, bạn học mới cũng chỉ qua loa đáp lại. Tôi nghĩ anh ấy không thích mình sao? Có ai nói xấu mình với anh ấy không? Anh ấy dựa vào cái gì mà coi thường mình như vậy?","Fortune-telling",1
"Người khác nói bạn trông không được khỏe, như thể người khác nợ tiền bạn. Tôi nghĩ khi mình không cười trông có vẻ hơi nghiêm túc thật, nhưng như vậy cũng không có gì xấu, mình cũng không phải là người luyên thuyên cười đùa.","Non-distorted",0
"Bạn trai tôi gọi điện cho tôi, nói rằng anh ấy cần thêm không gian. Tôi nghĩ mối quan hệ của chúng ta đã đi đến bờ vực tan vỡ, chúng ta sớm muộn gì cũng sẽ chia tay.","Fortune-telling",1
"Tôi cảm thấy bạn cùng phòng dường như mỗi ngày đều có mối quan hệ rất tốt, nhưng tôi không thể hòa nhập. Tôi nghĩ giao tiếp với họ thật phiền phức, giao tiếp là một việc phiền phức, những người quan tâm và giúp đỡ mình đều bị bỏ qua, mình không thèm kết giao với họ.","Mind Reading",1
"Tôi có một người bạn thân thiết hai năm, nhưng gần đây vài tuần anh ấy không liên lạc với tôi. Tôi nghĩ mình đúng là một kẻ tồi tệ, mình không thể có bạn bè, chính vì mình quá tệ hại nên bạn bè mình mới lần lượt rời bỏ mình.","Personalization",1
"Tôi vừa bị chụp ảnh khỏa thân cưỡng bức, tôi rất đau khổ, không dám nói cho ai biết. Tôi nghĩ những kẻ chụp ảnh khỏa thân này chắc chắn đang nghĩ cách tống tiền mình tốt hơn, mình xong đời rồi, mình sẽ phải bỏ ra một khoản tiền lớn.","Non-distorted",0
"Từ trước đến nay tôi ít liên lạc với gia đình, chỉ gửi tin nhắn. Tôi nghĩ gia đình và tôi giao tiếp rất trực tiếp, ai cũng thích có việc thì nói, không có việc thì không giao tiếp với nhau.","Non-distorted",0
"Các bạn cùng lớp đều ra ngoài, tôi một mình ở trong lớp học, tôi cảm thấy hơi cô đơn. Tôi nghĩ họ chắc chắn rất coi thường cái loại mọt sách như mình, nên không muốn hỏi mình có muốn đi cùng không.","Mind Reading",1
"Tôi là một luật sư thành đạt, nhưng tôi rất lo lắng sẽ thua kiện tại tòa. Tôi nghĩ mình luôn kém người khác nửa bước, người khác dễ dàng phát hiện ra mình có đầy lỗ hổng, mình là một con hổ giấy dễ bị tổn thương.","Labeling and Mislabeling",1
"Tôi bị bạo lực lạnh của gia đình đẩy đến đỉnh điểm bùng nổ, không kiểm soát được mà trở nên cuồng loạn. Tôi nghĩ các người không ai hiểu được cách làm của họ, họ hoàn toàn là những kẻ tâm thần, họ sẽ đẩy mình đến điên loạn, mình sợ hãi gia đình này.","Overgeneralization",1
"Trong một hoặc hai tháng qua, tôi thức dậy ít nhất một lần mỗi tuần vì đau lưng. Tôi nghĩ không sao, không phải vấn đề lớn, tôi ngủ rất ngon mỗi ngày.","Non-distorted",0
"Tôi chủ động chào hỏi, bạn học mới cũng chỉ qua loa đáp lại. Tôi nghĩ anh ấy trả lời qua loa như vậy, đều tại mình chào hỏi làm anh ấy cảm thấy không vui đúng không.","Personalization",1
"Tôi là một người đồng tính, tôi cảm thấy rất áp lực, không ai xung quanh hiểu tôi. Tôi nghĩ mình là một kẻ biến thái bị tất cả mọi người phỉ báng, một kẻ dị biệt không được thế gian thấu hiểu.","Labeling and Mislabeling",1
"Tôi muốn tổ chức một đám cưới hoành tráng, nhưng phát hiện mình không có tiền để trả tiền sính lễ. Tôi nghĩ sao nhà họ lại đòi nhiều sính lễ như vậy, có phải là cố ý không?","Mind Reading",1
"Bố mẹ luôn so sánh tôi với những đứa trẻ khác, tôi cảm thấy rất không vui. Tôi nghĩ chỉ vì mình không bằng nó sao, vậy thì mình sẽ cố gắng hơn nó, liệu họ có còn so sánh như vậy nữa không.","Non-distorted",0
"Mẹ chồng chê tôi vụng về, không đủ tinh tế. Tôi nghĩ mình cần cố gắng hết sức để thể hiện tốt, không để bà ấy bắt bẻ mình, mình cần làm việc và nói chuyện nhất quán, tránh nghe những lời đàm tiếu của người khác.","Non-distorted",0
"Tôi quên mang bài tập về nhà của mình, giáo viên phạt tôi đứng nghe giảng ở phía sau. Tôi nghĩ mọi người đều không mang, thực ra sự ấm áp chúng ta chia sẻ còn quan trọng hơn bất cứ thứ gì, huống chi còn trong thời tiết lạnh giá này.","Non-distorted",0
"Tôi làm việc cùng đồng nghiệp, tôi cảm thấy gánh nặng của mình nặng hơn, còn gánh nặng của họ nhẹ hơn. Tôi nghĩ họ đều là những người thích trốn tránh công việc nặng nhọc, việc gì cũng thích lùi lại, mình ghét nhất là những người như vậy.","Labeling and Mislabeling",1
"Bạn cùng phòng nói chuyện với tôi, tôi không đồng ý với quan điểm của cô ấy. Tôi nghĩ anh ấy coi mình là bạn, nhưng mình lại không đồng tình với suy nghĩ của anh ấy, mình đúng là một người bạn không đạt yêu cầu.","Labeling and Mislabeling",1
"Tôi cảm thấy ở vị trí công việc, đồng nghiệp mỗi ngày đều rất nỗ lực, tạo áp lực cho tôi. Tôi nghĩ không khí làm việc căng thẳng như vậy còn khó chịu hơn là bắt mình đi chết.","Non-distorted",0
"Khi phỏng vấn, HR cho biết tôi không đáp ứng yêu cầu của công ty. Tôi nghĩ mình sẽ không bao giờ tìm được việc làm sao, chắc là sẽ phải lang thang đầu đường xó chợ, cuộc đời mình sẽ kết thúc một cách tầm thường như vậy.","Fortune-telling",1
"Bạn trai tôi gọi điện cho tôi, nói rằng anh ấy cần thêm không gian. Tôi nghĩ bạn trai nói cần thêm không gian, điều này ám chỉ rằng tình cảm của chúng ta đã tan vỡ.","Fortune-telling",1
